{"cameraMode":{"drawMode":0,"name":"Shaded","section":"Shading Mode"},"sceneLighting":true,"audioPlay":false,"sceneViewState":{"showFog":true,"showMaterialUpdate":false,"showSkybox":false,"showFlares":true,"showImageEffects":true,"showParticleSystems":true},"in2DMode":false,"pivot":{"x":108.23533630371094,"y":33.84287643432617,"z":68.62135314941406},"rotation":{"x":0.08743748068809509,"y":-0.8986570239067078,"z":0.2119905799627304,"w":0.37463295459747317},"size":40.363861083984378,"orthographic":false}