{"cameraMode":{"drawMode":0,"name":"Shaded","section":"Shading Mode"},"sceneLighting":true,"audioPlay":false,"sceneViewState":{"showFog":true,"showMaterialUpdate":false,"showSkybox":true,"showFlares":true,"showImageEffects":true,"showParticleSystems":true},"in2DMode":false,"pivot":{"x":382.79156494140627,"y":6.600211143493652,"z":-175.809814453125},"rotation":{"x":0.06732592731714249,"y":-0.29615920782089236,"z":0.02190733700990677,"w":0.9532303214073181},"size":24.176240921020509,"orthographic":false}