{"cameraMode":{"drawMode":0,"name":"Shaded","section":"Shading Mode"},"sceneLighting":false,"audioPlay":false,"sceneViewState":{"showFog":true,"showMaterialUpdate":false,"showSkybox":false,"showFlares":true,"showImageEffects":true,"showParticleSystems":true},"in2DMode":false,"pivot":{"x":-59.74803924560547,"y":44.06835174560547,"z":56.81806945800781},"rotation":{"x":-0.1939636766910553,"y":-0.26355233788490298,"z":0.05465126410126686,"w":-0.9438596367835999},"size":229.69747924804688,"orthographic":false}