{"cameraMode":{"drawMode":0,"name":"Shaded","section":"Shading Mode"},"sceneLighting":true,"audioPlay":false,"sceneViewState":{"showFog":true,"showMaterialUpdate":false,"showSkybox":false,"showFlares":true,"showImageEffects":true,"showParticleSystems":true},"in2DMode":false,"pivot":{"x":19.825485229492189,"y":0.7588968276977539,"z":25.59762954711914},"rotation":{"x":0.3155157268047333,"y":0.5191304683685303,"z":-0.21281087398529054,"w":0.7656300067901611},"size":40.363861083984378,"orthographic":false}